{
  "balanced_accuracy": 0.9888059701492538,
  "f1_macro": 0.9743396226415094,
  "roc_auc": 0.9971496683250415,
  "kappa": 0.9487024743512372
}